name,email,username,password,date_of_birth,state_of_account
Marena Lampl,mlampl0@sitemeter.com,mlampl0,wM2'/?sFOoie$9pzOAO!M=W%,10/14/1974,INACTIVE
Erina Hallitt,ehallitt1@tinyurl.com,ehallitt1,"jY0~X)Agf,pX+aG",2/11/1976,INACTIVE
Kirbee Clacson,kclacson2@hugedomains.com,kclacson2,"cK7""JGGw%icm$q67N)",10/7/1945,ACTIVE
Stormy Shew,sshew3@nih.gov,sshew3,"tF6~y,UzYlf?x/%<F6SY",10/15/1974,ACTIVE
Errol Strelitz,estrelitz4@techcrunch.com,estrelitz4,jC1>dTCIzBNLnX!?kzb%A),11/26/1963,ACTIVE
Jandy Ronchi,jronchi5@google.pl,jronchi5,qS7%dItwfD\Eew\,5/31/1976,INACTIVE
Shelley Addie,saddie6@reference.com,saddie6,"tB6?mF~N3b=|{x!%Gpf'EF_2MTK,Y%",12/9/1982,ACTIVE
Felizio Kelbie,fkelbie7@ox.ac.uk,fkelbie7,bP7~Vf@)DT'1)9s6zeZ,3/7/1989,INACTIVE
Ed Storcke,estorcke8@miitbeian.gov.cn,estorcke8,mZ2<a/u'|iU8?@nB#`W%N%\Pg,8/14/1952,INACTIVE
Berta McGettrick,bmcgettrick9@census.gov,bmcgettrick9,vI9?i<P?e+ubdabt,2/24/1962,ACTIVE
Barrett Brane,bbranea@soundcloud.com,bbranea,"pO5""+tum<rwv>tb,",11/3/1988,INACTIVE
Emily Cornbill,ecornbillb@geocities.com,ecornbillb,"qE1{Js~rz>dMim,&Or",9/25/1988,ACTIVE
Lenka Veque,lvequec@comsenz.com,lvequec,"tC5\""d`9bsmj8ZLw?U<@t/lV*",3/21/1964,INACTIVE
Perceval Pummell,ppummelld@ocn.ne.jp,ppummelld,"rT4/e""MB@CY0.c/18C{Bz2G",3/14/1978,ACTIVE
Irene Manger,imangere@drupal.org,imangere,"kX3}hoJE`q""ec<9~>2C",9/5/2001,INACTIVE
Ardelia Rablen,arablenf@prnewswire.com,arablenf,cP3)#/u%#c.#r6(7I/,5/26/1945,ACTIVE
Garv MacGow,gmacgowg@ebay.co.uk,gmacgowg,yC9{UOX%hGc$Kkq,1/28/1973,ACTIVE
Bail Buckston,bbuckstonh@virginia.edu,bbuckstonh,nB1*bIJ<.cayB>W*Sk!`S'<3,5/15/1997,ACTIVE
Tonya Harlock,tharlocki@blogtalkradio.com,tharlocki,aE4~xCj{B~%&#0v3,5/28/1998,ACTIVE
Olag Schuh,oschuhj@uol.com.br,oschuhj,qZ8_kLD=SRrx~G`,2/13/1958,INACTIVE
Ferdinand McGrah,fmcgrahk@fotki.com,fmcgrahk,"uO0*`+8uxkrD%pUQLfgZHq5""SwRi",7/30/1976,INACTIVE
Rudyard Pynner,rpynnerl@uiuc.edu,rpynnerl,jF6{4Kr}\A}w!+4e#,7/12/1997,INACTIVE
Lorenza Larchiere,llarchierem@ox.ac.uk,llarchierem,qV6=bP'`@P5ZAsZ},12/23/1970,INACTIVE
Jarred Privett,jprivettn@cargocollective.com,jprivettn,"oJ0\Z7&)PeDtd8,",12/1/1986,INACTIVE
Trev Sievewright,tsievewrighto@wordpress.org,tsievewrighto,"kL9`Um<A""Z<I>x8!B",10/27/1982,ACTIVE
Lennard Sambals,lsambalsp@51.la,lsambalsp,mM7%Y5(hVVdcbHuS5d%z~u,1/16/1948,ACTIVE
Marnie Drabble,mdrabbleq@bravesites.com,mdrabbleq,"rA1?daubU*J>x{N5w+Ry,#nX4",8/24/1990,ACTIVE
Rollie Pagel,rpagelr@mac.com,rpagelr,aH4%n(@sA`}khdu,7/9/1954,ACTIVE
Ernaline Grishin,egrishins@issuu.com,egrishins,"hT7{pt1$QWOO`,|.Zq9b1A.Y_UGf",10/16/1960,INACTIVE
Ferris Thake,fthaket@eventbrite.com,fthaket,bH6#j~r.F&au\x}>4$dk?a`*}\,3/23/1990,ACTIVE
Malchy Cartmill,mcartmillu@wix.com,mcartmillu,rT6!tv)%cD%ksC@l~un,2/17/1947,ACTIVE
Wilbert Ruppele,wruppelev@google.pl,wruppelev,fG4{xgY#YtqUZeB\7,9/27/1980,ACTIVE
Elijah Jozwicki,ejozwickiw@typepad.com,ejozwickiw,pT4\A\p}pv0j{4}s,6/18/1997,INACTIVE
Laura Rabier,lrabierx@list-manage.com,lrabierx,gN8>7?4r&48a_*H\`?A.G,8/14/1961,INACTIVE
Georgette Langtree,glangtreey@sbwire.com,glangtreey,"jA7#9zHc4~""tc/>=q*PDgRlKMm",5/1/1960,ACTIVE
Ansell Thurstance,athurstancez@facebook.com,athurstancez,"dI9#g_0m2z70/LJ'vjRd_AdX%,",10/31/1960,ACTIVE
Baillie Andrei,bandrei10@squarespace.com,bandrei10,rA5`Ok<${T{ZNFh`!)k~b=)?2!P,2/20/1999,ACTIVE
Zelma Berney,zberney11@acquirethisname.com,zberney11,gO4=d/3Goj6z#OaV~ut}mCOJSI#K7,6/19/1973,ACTIVE
Stinky Mehew,smehew12@ucoz.ru,smehew12,zJ1}d)aD=LMqP0Ot0qm9&f7WRH_r,3/15/1972,INACTIVE
Neale Janak,njanak13@posterous.com,njanak13,mR7=eL?d+/N+nq'DMn02/L&YYFy8}~,1/22/1962,INACTIVE
Batsheva Peirpoint,bpeirpoint14@shinystat.com,bpeirpoint14,"rB1>#!""GGx&a7QK5i",10/19/1982,INACTIVE
Andros Sinnott,asinnott15@hexun.com,asinnott15,eX0.9ZQHIvdj1)~<MRf,10/25/1947,INACTIVE
Agnola Wilbraham,awilbraham16@prnewswire.com,awilbraham16,"rD9,Fk)3vwz>/ax_Af",6/6/1949,ACTIVE
Brinna Guerri,bguerri17@hexun.com,bguerri17,"bS4%,bAB*&bN$pEwY/`",6/13/1978,INACTIVE
Antonella Trevorrow,atrevorrow18@vistaprint.com,atrevorrow18,sZ2\(lDRmYgZm6>3=!h1M+YHt@6j,5/23/1984,ACTIVE
Auria Dederich,adederich19@jimdo.com,adederich19,hQ5@ok8@`d$\YC%}Q'CDZT4!,8/15/1971,INACTIVE
Merrill Peare,mpeare1a@archive.org,mpeare1a,"uC9<dgjK,UwhmCe",1/22/1944,ACTIVE
Ivette Clover,iclover1b@usatoday.com,iclover1b,"tP7!X0OcDOJmdf""",12/20/2004,ACTIVE
Twyla Croucher,tcroucher1c@people.com.cn,tcroucher1c,eJ5_TU!KA\os*&yMZn|l?,12/14/1958,INACTIVE
Miran Saladin,msaladin1d@theglobeandmail.com,msaladin1d,tK5/8Os.PLRc/dLFlm,9/21/1997,INACTIVE
Josy Loble,jloble1e@rakuten.co.jp,jloble1e,iZ3>nwd$`GS!%9b%SPB=0CFh,8/11/2000,INACTIVE
Ashia Ellinor,aellinor1f@geocities.com,aellinor1f,"nE9&yd|rH29Mf~""Fttz)xw{=8IifE",5/1/1991,INACTIVE
Lenette Roistone,lroistone1g@artisteer.com,lroistone1g,pO5#4sf(vR/AMH!BBBw,3/23/1953,INACTIVE
Eal Byron,ebyron1h@apple.com,ebyron1h,"nP6<~Mz?V""elaUPuZY9C_)_G/w!=",3/24/1946,ACTIVE
Holly Hawton,hhawton1i@virginia.edu,hhawton1i,"hW9!)spI0pgNjH~<r>KP!cW,=5",10/12/1990,INACTIVE
Tommy Dempsey,tdempsey1j@cafepress.com,tdempsey1j,"dW5&K&jNz{,3YjOhb6Vxm",12/13/1963,ACTIVE
Susanetta Edridge,sedridge1k@google.cn,sedridge1k,wL7+*%ToGmAW_+pHfbiW%xJE'Lr,8/20/1970,ACTIVE
Callida Cussins,ccussins1l@dagondesign.com,ccussins1l,"bC8#(>ZgM99|LL,y~Cn",5/11/1989,INACTIVE
Karmen Cawthera,kcawthera1m@live.com,kcawthera1m,xA2>Ol*?A3zkv#?(}Yb+<,10/19/1998,ACTIVE
Ernest Panchin,epanchin1n@arizona.edu,epanchin1n,rN8/K@05993eZWBhD.N$!+O$W%C,1/19/1960,ACTIVE
